body,title,url
"Samsung sufre de una filtración masiva de su Galaxy Z Flip 3 a supuestamente un mes de su presentación oficial con un video 360.Es una situación inusual la que nos tiene viviendo Samsung. Durante días se especuló que podríamos ver su nueva alineación de smartphones para la segunda mitad del año en el Mobile World Congress (MWC), como en los viejos tiempos.Sin embargo, el fabricante surcoreano participó en el evento sólo para dar una conferencia promocional. En la que hablaba de sus avances en distintos ramos y cómo el ecosistema integrado de sus plataformas favorecerá la nueva generación de productos.Fayerwayer28 Junio 2021Samsung da un breve adelanto de lo que viene con el Galaxy Z Flip 3, Z Fold 3 y Galaxy Watch 4 en el MWC 2021Luego de una avalancha de filtraciones Samsung adelanta lo que viene con sus futuros productos en el Mobile World Congress (MWC 2021).Pero no mostró un solo smartphone, ni siquiera su nuevo Galaxy Watch, del que ya sabemos prácticamente todo. Sin embargo habrá un evento Unpacked en un mes, supuestamente, y ahí veremos por fin todo. El Samsung Galaxy Z Flip 3 se adelantaHace un par de días comenzaron a circular en la red una serie de fotografías promocionales filtradas del Galaxy Z Flip 3. Ahí se puso apreciar un poco cuáles eran los cambios en el diseño del smartphone plegable.Sin embargo, aún así, quedaban algunas dudas sobre la autenticidad de las imágenes por detalles de la resolución de las mismas. Pero hoy ha llegado el reconocido leaker @evleaks para compartir un video de 360 grados en donde confirmamos que sí, ese es el Samsung Galaxy Z Flip 3:Galaxy Z Flip3 5G pic.twitter.com/elWdV6uLuc— Evan Blass (@evleaks) June 30, 2021pic.twitter.com/cTkHyjxufY— Evan Blass (@evleaks) June 30, 2021Como podemos observar se trata a final de cuenta de un hilo de animaciones GIF en donde se muestra el Galaxy Z Flip 3 en todo su esplendor.Donde tal vez el punto más destacable es la presencia confirmada de ese módulo de doble lente en la cámara trasera. Y una pantalla que se expande por toda la cara frontal, dejando poco margen a los marcos.Se habla de que estaríamos ante un displey de 6,7 pulgadas AMOLED Infinity-O display. Al parecer con una perforación para la cámara frontal que ocupa mínimo espcio.Fayerwayer29 Junio 2021Samsung Galaxy S21 FE se lanzaría en mercados limitadosEl Samsung Galaxy S21 FE estaría vivo, pero su disponibilidad se limitaría a muy pocos países, según el más reciente rumor.Pero todo apunta a que habrá que esperar hasta agosto para tener más certezas con el evento de Unpacked.Donde también conoceremos de seguro qué sucederá con el Samsung Galaxy S21 FE, cuyo futuro luce más incierto.",Samsung Galaxy Z Flip 3 se filtra por completo en video de 360 grados,https://fayerwayer.com//2021/07/samsung-galaxy-z-flip-3-video-360/
"La gran novedad de Microsoft para este año es el lanzamiento de Windows 11. El nuevo sistema operativo de la compañía podrá actualizarse de manera gratuita a finales de año.Para obtener la actualización hay que tener en cuenta diversos aspectos, y uno de ellos es que la PC que quiera hacerse del nuevo sistema debe contar con Windows 10, pero en su última versión.Fayerwayer01 Julio 2021View Once, la función de WhatsApp para los mensajes temporales, ya está en la versión betaAdemás de eso, otra de las cosas que se necesita es contar con un equipo que cumpla con los requerimientos y exigencias de Windows 11. Es por eso importante comprobar la compatibilidad de tu ordenador con Windows 10.¿Cómo comprobar la compatibilidad?Realizar este paso no es nada complicado, pero vas a necesitar la ayuda de una aplicación llamada Comprobación de estado de PC, la cual permite verificar si esta realmente cumplen con los requisitos que se piden.En caso de que el equipo cumpla con todo lo necesario, el usuario podrá obtener una actualización gratuita de Windows 11 una vez que esté disponible.Para saber si la PC cuenta con los requerimientos para la actualización gratis de Windows 11 tendrás que ejecutar la app Comprobación de estado de PC una vez que se haya lanzado.Fayerwayer01 Julio 2021Científicos descubren estrella enana blanca más pequeña que la Tierra pero más masiva que el SolPara comprobar si el equipo está apto para la versión debes ir a Configuración > Windows Update. Igualmente Windows Update te mostrará una notificación en caso de que tu PC cuente con los requerimientos para actualizarse.Lo bueno de esto es que actualmente los ordenadores de Windows 10 que se venden podrán actualizarse a Windows 11 sin problemas. Pero no hay que olvidar que el equipo debe cumplir también con los requisitos mínimos de hardware, ya que se necesita hardware específico para algunas funciones.",Paso a paso para obtener la actualización de Windows 11 en tu PC,https://fayerwayer.com//2021/07/window-11-actualizacion-en-la-pc/
"Amazon Primer Video anunció uno de los mejores regalos que podrían recibir los fanáticos del anime. A falta de salas de cine a nivel mundial, debido a la pandemia que generó el coronavirus, el servicio de streaming informó que el 13 de agosto estrena en su plataforma Evangelion: 3.0 + 1.01 Thrice Upon A Time. Esta es la más reciente película de la reconstrucción de la saga de dibujos animados basados en el manga japonés. La buena noticia es para todos, menos para Netflix, servicio que cuenta con una serie y dos películas: Neon Génesis y los largometrajes animados The End of Evangelion y Death True. Se dice que se trata de una buena noticia para todos porque desde el servicio de streaming informan que llegará a todos los países en donde funciona la plataforma, exceptuando a Japón. De esta manera, en Chile, México, Colombia, Argentina y el resto de los países de América Latina, Evangelion: 3.0 + 1.01 Thrice Upon A Time estará disponible desde el 13 de agosto. “27 años, cuatro películas, millones de fans y un legado. No te pierdas el estreno mundial exclusivo del esperado éxito de taquilla del anime japonés”, escribió Prime Video en un posteo de su cuenta de Twitter, al que acompañan con un video promocional. “El final épico llegará a Prime Video el 13 de agosto junto con las primeras 3 películas”, añadieron.Las tres películas de Evangelion más el estrenoEvangelion: 1.0 You Are (Not) Alone; Evangelion: 2.0 You Can (Not) Advance y Evangelion: 3.33 You Can (Not) Redo son las tres películas que estarán disponibles junto a la cuarta entrega, desde el 13 de agosto. Así, quienes no estén al día con la saga, podrán ponerse al corriente. Según lo reseña Engadget, este cuarto episodio se estrenó en los cines japoneses durante marzo del 2021. Desde entonces, “ha recaudado más de 86 millones de dólares“. De esta manera se convierte en la película de mayor ingreso económico en lo que va de año, para series animadas. De esta manera, Amazon parece sacarle cierta ventaja a Netflix en la carrera hacia atraer más público fanático del anime. 27 years.4 films.Millions of fans.1 massive legacy.Don't miss the exclusive global premiere of the highly anticipated Japanese anime blockbuster EVANGELION:3.0+1.01 THRICE UPON A TIME. The epic finale is coming to Prime Video on August 13th alongside the first 3 films! pic.twitter.com/36SR7Pluzr— Prime Video (@PrimeVideo) July 1, 2021 La apuesta de Netflix con el animeDesde hace unos meses Netflix apuesta a seguir sumando títulos de anime a su plataforma. Sailor Moon Eternal llegó al servicio desde junio de este año y se aumentó la lista de series japonesas que ya hay en la aplicación. Naruto, One Piece y Demon Slayer son de las más conocidas en la plataforma. De igual forma, se pueden encontrar decenas de títulos para todos los gustos. Y aunque mucho se ha escuchado de la promesa de Dragon Ball Z, esta lejos de convertirse en una realidad. Fayerwayer28 Abril 2021Netflix apuesta por anime: estrenará la película de Pretty Guardian Sailor Moon​ Eternal",Plataforma de Amazon Prime Video tendrá en su streaming la nueva película del ‘Rebuild’ de Evangelion,https://fayerwayer.com//2021/07/contratar-amazon-prime-video-evangelion-rebuild/
"El sueño de todos los dueños de los celulares parece estar muy cerca de hacerse realidad. Un nuevo avance en investigación sobre baterías de litio podría permitir a los usuarios cargar teléfonos y portátiles en tanto solo 5 minutos.Las conocidas baterías de iones de litio alimentan desde móviles, ordenadores y tablets, hasta automóviles eléctricos.Fayerwayer29 Junio 2021Este robot es tan, pero tan amigable, que te lleva las cervezas frías hacia donde estésLo llamativo de esto es que la investigación fue realizada por un grupo de investigadores de la universidad de Cambridge, Inglaterra, quienes lograron desarrollar una técnica párticular.Los investigadores observaron el interior de las baterías de iones de litio para obtener información sobre cómo crear bateríasDe esta manera iban a verificar si los celulares pueden ser cargados en 5 minutos, según un artículo publicado por la revista Nature.El detalle está en que uno de los problemas que existe con la carga rápida en dispositivos móviles, es que la batería puede sobrecalentarse o explotar si la carga se vuelve muy agresiva, y a su vez afectando notablemente el funcionamiento del smartphone.Detalles del nuevo método de carga para los celularesEl nuevo método implementado por los investigadores permite observar las transiciones de fase en el ciclo de carga-descarga, identificando límites de velocidad en tiempo real y luego descubrir hasta qué punto las celdas de la batería puede adquirir una carga sin destruir la batería.Fayerwayer29 Junio 2021Exoplaneta de “características únicas” es hallado a 48 años luz de la Tierra“Descubrimos que existen diferentes límites de velocidad para las baterías de iones de litio, dependiendo de si se están cargando o descargando”, explicó el Dr. Ashkay Rao El especialista del Laboratorio Cavendish de Cambridge, fue el responsable de liderar la investigación.Además de eso, Rao también agregó que los materiales más importantes en las baterías de litio son las partículas ‘activas’ que almacenan y liberan iones de litio durante la carga y descarga.“Si podemos controlar estos dos mecanismos, ello permitiría que las baterías se carguen mucho más rápido”, comentó.",¿Cargar los celulares en 5 minutos? este es el trabajo desarrollado por investigadores,https://fayerwayer.com//2021/06/nueva-tecnologia-carga-rapida-celulares/
"El primero de todos los episodios de la quinta temporada de Rick & Morty ya está con nosotros y es gracias a ello que pudimos ver una historia muy alocada y llena de acción como pocas.Pero no estamos aquí para hacer spoilers de lo que viene en el episodio, sino que vamos a analizar una parte del episodio que todo el mundo ya pude ver, el cual es el intro de esta temporada y del episodio mismo.En este podemos ver a nuestros dos héroes escapar de un monstruo que los persigue a través de un campo de cristales flotando que muestran realidades alternas de Rick y Morty. Lo cual es una clara referencia al Nexus del universo de Marvel Comics.Pero es justamente dentro de las visiones de esos cristales en donde podemos ver que estos Rick y Morty que estamos viendo no son los originales del universo C-137, sino que estos pertenecen a otra dimensión.Universos alternos de Rick y MortyComo ya establecimos, los eventos que se desarrollan al inicio de la temporada 5 son de otro universo, lo que quiere decir que es posible que Mister Nimbus ni siquiera sea el Nemesis de Rick en el universo original.La evidencia que hay sobre esto es más que obvia, pues podemos ver episodios pasados dentro de los cristales, con una gran variedad de escenas de hecho, y por si fuera poco, podemos ver a Doc y Mharti de la animación muy mal hecha que parodiaba a Back to the Future y que dio origen a Rick y Morty.A parte de ese bonito Easter Egg, tenemos escenas del segundo episodios de la serie “Lawnmower Dog”, en donde vemos a los dos escapar de Scary Terry y sobre todo, un par de cristales que muestran los eventos de “Rick Potion No. 9”, en donde dejan al mundo hecho un desastre con monstruos Cronenberg.Pero es justo antes de que salgan del portal que podemos ver escenas de otros episodios, para ser más exactos del episodio de “Big Trouble In Little Sanchez” en donde vemos a Morty someter a Tiny Rick y también podemos ver parte del episodio de “M. Night Shaym-Aliens!”Eso quiere decir que si todos esos episodios son universos alternos, los Rick y Morty que vemos aquí no son los originales y muchas de las cosas que pasen aquí no se pueden tomar como canon.",Rick y Morty no son los originales en el episodio 1 de la temporada 5,https://fayerwayer.com//2021/06/rick-y-morty-no-son-originales-temporada-5/
"El cambio climático es un fenómeno que ha afectado a la población humana y cualquier otra especie que ha vivido en el planeta Tierra, a lo largo de su historia. La era de hielo es un claro ejemplo para los humanos y animales que vivieron hace 45 mil años. Los neandertales presuntamente sufrieron una catástrofe erupción de volcanes y al parecer la población maya también fue víctima de un evento relacionado al clima. Fayerwayer28 Junio 2021¿Quién era el Hombre Dragón y cuál es su importancia en el desarrollo de la humanidad?Según lo explica un estudio liderado por científicos de la Universidad McGill, cambios climáticos redujeron la población maya en aproximadamente cuatro periodos diferentes. El estudio, además, saca sus conclusiones de materia fecal extraída de lo que antiguamente era la ciudad de Itzán, en Guatemala. Explican, en una reseña de Daily Mail, que todo este proceso ocurrió en un periodo comprendido de 3.300 años. En primer lugar, encontraron la materia fecal en los sedimentos de la laguna de Itzán. Gracias a estos hallazgos, notaron que hubo sequias en los periodos entre 1350 y 950 a.C; 730 y 900 d.C; y 90 al 280 d.C. Asimismo, esta misma zona registra una era extremadamente húmeda entre los años 400 y 210 a.C. Todos estos constantes cambios climáticos afectaron a las poblaciones mayas que habitaban las regiones de lo que hoy es Guatemala. “El registro implica una presencia humana en la escarpa de Itzán unos 650 años antes de que el registro arqueológico lo confirme”, dicen los investigadores en su informe final. La población maya siguió en el lugarLas mencionadas sequías y un colapso que registran diferentes investigaciones entre los años 800 y 1.000 d. C afirman que la población no volvió a la zona. Sin embargo, estas muestras fecales demuestran que, en menor número con el paso del tiempo, se mantuvo en las tierras. Entonces, este tipo de hallazgo es esencial para que los arqueólogos estudien data de poblaciones antiguas. Y que los registros no sean solo sujetos a los fósiles. “Esta investigación debería ayudar a los arqueólogos al proporcionar una nueva herramienta para observar cambios que podrían no verse en la evidencia arqueológica. Es posible que la certeza nunca haya existido o que desde entonces se haya perdido o destruido. Las tierras bajas mayas no son muy buenas para preservar edificios y otros registros de la vida humana debido al ambiente de bosque tropical”, dijo Benjamin Keenan, candidato a doctorado en el Departamento de Ciencias de la Tierra y Planetarias de McGill.“Este período es desconcertante porque coincide aproximadamente con el crecimiento de las poblaciones del Preclásico Medio tardío y del Preclásico Tardío temprano de Itzan, como lo demuestra la presencia de abundantes cerámicas que datan de esta época en muchos lugares. Esta asociación de un clima anormalmente húmedo con una reducción a escala centenaria en la deforestación regional y una disminución en la entrada de coprostanol es intrigante, y puede ser un indicador de que la sociedad maya también fue sensible a otros extremos climáticos como el exceso de precipitación”, sentenciaron.Fayerwayer26 Junio 2021Tal vez heredamos más genes de los neandertales de los que pensábamos","Cambio climático fue el responsable de la reducción de población maya, según componentes hallados en materia fecal",https://fayerwayer.com//2021/07/maya-materia-fecal-lago-itzan-guatemala/
"DOOM es un juego realmente legendario en todos los sentidos, pero no solamente es por la calidad del juego mismo, sino que también lo es porque se puede jugar en lugares que nunca nos imaginamos que podrían correr este juego.La lista de lugares que lo pueden correr es tan larga que literalmente se necesita una nota completa tan solo para eso, pero en algunas de las cosas que se ha logrado correr DOOM son refrigeradores inteligentes, pruebas de embarazo y hasta calculadoras científicas.Pero el día de hoy podemos encontrar que DOOM se puede correr dentro de otros juegos, y no solamente por medio de emulaciones dentro del juego mismo, sino que se logró correr por medio de programación pura.Minecraft x DOOMOtro de los juegos más interesantes que hemos visto es Minecraft, pero por razones completamente diferentes a las que hicieron famoso a DOOM, pues en Minecraft es donde se han logrado correr juegos de otros tipo por medio de programación de computadoras por medio de bloques con redstone y repetidoras.Es justamente gracias a todo lo anterior que pudimos ver que el año pasado DOOM logró ser jugado dentro de Minecraft por medio de un ordenador creador dentro del juego. Esto se logró gracias a un mod que permite añadir una PC con Windows 95 a Minecraft, en donde, curiosamente, lograron instalar DOOM y ahora es posible jugarlo dentro de la obra de Mojang.Esto lo hizo el usuario de Reddit llamado uDrunkMate y la verdad es que es una de las mejores cosas que hayamos en cuanto a maneras de jugar DOOM dentro de otros dispositivos y es gracias a que es como un Inception de videojuegos, en donde podemos ver que se corre un juego dentro de un sistema operativo, y dentro del juego se corre otro sistema operativo que a su vez, está corriendo otro juego.La verdad es que todo lo que implica es impresionante y demasiado divertido como para pasarlo de largo.Minecraft ha hecho cosas muy locasNo es la primera vez que podemos encontrar juegos correr dentro de Minecraft, pero muchos son realmente programados dentro de este juego usando Redstone.Algunos de los juegos que hemos visto son Metroid Fusion, el cual aún se encuentra en desarrollo dentro de Minceraft (sí, lo escribí así a propósito) y realmente se ve increíblemente bien, por lo que no sería raro ver que se termine dentro de poco, ya se lleva mucho tiempo en el desarrollo de este juego.Pero uno de los juegos que más sorprende a todos es que podemos ver Pokémon programado desde cero con puros bloques y con redstone, obviamente.Así que no es raro ver que se corran muchos juegos, pues parece ser un juego que incita a todos a poner a prueba sus habilidades de programación y de su propia lógica para poder llevar a cabo cosas de esa magnitud tan grande dentro de otro juego.Ahora solamente nos ponemos a pensar cómo es que será el futuro de los juegos dentro de Minecraft, pues si estas cosas se están logrando con la tecnología y limitaciones de hoy, es muy posible que cada vez veamos a personas programando cada vez juegos más complejos dentro de este mundo de cubitos, y la verdad es que nos hace sentir emocionados tan solo pensarlo.Por lo mientras, creo que ya nos dieron ganas de jugar DOOM en la consola que sea o en el hardware que sea. La verdad es que nunca dejará de ser un juego genial y hay siempre algo bueno que podemos encontrar con cada nueva partida que iniciamos.",DOOM ya se puede jugar dentro de Minecraft,https://fayerwayer.com//2021/07/doom-se-puede-jugar-en-minecraft/
"¿Existe una especie más obrera que las hormigas? No cuentas tu trabajando horas extras, debido a que lo haces por dinero adicional. Los pequeños insectos trabajan constantemente por pudo sentido de preservación de su especie. Y miren que gran sentido de pertenencia tiene cada una de sus acciones, demostradas en la manera en que son capaces de salvarse de una posible inundación. Fayerwayer01 Julio 2021Por una extraña razón veterinarios instan a contagiados de coronavirus a evitar contacto con sus mascotasTrabajan juntas para formar, con sus propios cuerpos, un bote de miles de hormigas para flotar y no morir ahogadas. Según lo reseña el portal Daily Mail, la hormiga que registra este comportamiento ante el agua es la Solenopsis invicta. Se trata de una especie que tiene ejemplares rojos y negros. Además, en tierra firme debes alejarte de ellas, ya que son conocidas por sus dolorosas picaduras. Un grupo de expertos que cita el portal mencionado, expresan que las hormigas ejecutan una acción a la que llamaron “treadmilling”. Con este término se refieren a la acción de agruparse y poder conducir hasta tierra segura a la colonia entera de insectos. Asimismo, destacan los expertos en un estudio que salió publicado en The Royal Society of Publishing, que hicieron varios experimentos con grupos de hormigas. En sus diferentes pruebas llegaron a usar colonias de 3 mil hormigas, hasta poblaciones mayores de aproximadamente unas 10 mil.Las hormigas tardan en acomodarse, pero lo logranEn la explicación, el equipo de científicos escribe que al principio se van moviendo en el agua con cierta inestabilidad. Sin embargo, al paso de un cierto tiempo arman su propia estructura que va sirviendo de puente para que el resto se vaya acomodando. Algo que sorprendió mucho a los investigadores, es que las hormigas no se quedaron simplemente flotando. La formación que hacen es intencional direccionada y orientada hacia el rumbo más seguro para ellas. “Las balsas de hormigas comprenden una red estructural flotante de hormigas interconectadas sobre la cual camina una capa de hormigas libremente activas”, escribieron los investigadores que cita Daily Mail. “La evolución sostenida de la forma está permitida por los mecanismos en competencia de la contracción perpetua de la balsa ayudada por la transición de las hormigas estructurales a granel a la capa activa libre y la expansión de la balsa hacia el exterior debido a la deposición de hormigas libres en la red estructural en los bordes, culminando en una cinta de correr global”, añadieron.Tras su experimento, los científicos interpretan que “es probable que las asimetrías ocurran estocásticamente debido a los efectos de acumulación en la pared y al movimiento direccional de las hormigas activas cuando están fuertemente confinadas por las protuberancias”, dijeron. Y con esto último se refieren a que no es una conducta que ya tienen predeterminadas en su cerebro. La manera en la que ejecutan esta acción es un simple instinto de supervivencia, común en el reino animal.Fayerwayer01 Julio 2021Después del accidente nuclear de Fukishima los jabalíes se aparearon con los cerdos y nació una nueva especie",Hormigas forman con su propio cuerpo un bote para salvarse de inundaciones,https://fayerwayer.com//2021/07/hormigas-botes-inundaciones-nadan/
"Todo mundo está muy emocionado con Windows 11 y es normal estarlo, pues no solamente será una nueva actualización completamente gratuita, sino que traerá grandes cambios a nuestras PC.Una de esas actualizaciones será la de poder correr software nativo de Android, pero la que más nos emociona, por alguna razón, es la de contar con una nueva pantalla de la muerte.Y lo gracioso es que tendrá una nueva apariencia también, una completamente nueva que nos ayudará a saber que realmente todo acaba de morir. Grandes actualizaciones de verdad.Windows 11 dejará de lado el azulLas pantallas de la muerte son algo común en Windows y por lo general se les conoce también como “el pantallazo azul” o “la pantalla azul de la muerte” pues esta aparece cuando nuestra PC tiene un error fatal y deja de funcionar de inmediato y sin que podamos grabar nada del trabajo que estábamos haciendo en ese momento.Es terrible pero ya es algo propio del mismo sistema operativo y una cosa que es inevitable que veamos en algún momento de la vida útil de nuestros equipos.Y el gran cambio que traerá Windows 11 en este aspecto es dejar de lado el color azul y ahora, como es mucho más apropiado de acuerdo a la simbología del color, la nueva pantalla de la muerte será de color negro.Así es, lo único que será azul ahora es el código QR que aparece en la pantalla, pero todo lo demás ahora serpa de un color negro, el cual siempre es asociado a la muerte, la pérdida y la ausencia de vida (que no siempre es necesariamente la muerte).Cuando estamos frente a una pantalla de la muerte que es negra, ahora podremos lamentar de verdad la muerte de nuestros sueños y esperanzas que teníamos en los proyectos que no pudimos grabar. Sinceramente queda muchísimo mejor que la pantalla azul clásica, pues la otra nos daba esperanzas gracias a su color, pero esta, adecuadamente, nos muestra que todo se derrumbó.¿Trae más actualizaciones?En cuanto a la pantalla de la muerte de color negro no estamos seguros si es que tendremos nuevas actualizaciones, pues fuera del color, la pantalla es básicamente la misma de antes.Pero hay algo que seguramente podríamos ver y eso es relativo al modo oscuro.No está confirmado pero es muy probable que estamos frente a una pantalla de la muerte que cambia dependiendo de las configuraciones generales de la computadora, haciendo que la iluminación sea mínima cuando llega la noche y cambiando los colores en general.Siendo sinceros, no sería algo raro, pues eso ya se aplica en navegadores, redes sociales y otros servicios, por lo que ponerlo en la mismísima pantalla de la muerte suena extraño pero tampoco es lo más raro del mundo.Pensemos que muchas veces estamos trabajando toda la noche y es justamente en la madrugada que nuestros equipos pueden fallar, o incluso después de usarlos por muchísimas horas seguidas sin parar, las necesidades laborales de la actualidad así lo piden.Es por eso que creó firmemente que estamos frente a un cambio que busca hacer que nuestros errores nocturnos no nos dejen ciegos nunca más con un repentino incremento de iluminación cuando no estamos listos para ello.Así que seguramente tendremos más noticias sobre esto en un futuro cercano y en cuanto sepamos más sobre esta nueva pantalla de la muerte, se los haremos saber a la brevedad posible.Mientras no se olviden de seguirnos en nuestras redes sociales, pues ahí les podremos avisar de todo en cuanto sea anunciado de parte de Microsoft.",Windows 11 tendrá una nueva pantalla de la muerte,https://fayerwayer.com//2021/07/windows-11-nueva-pantalla-de-la-muerte/
"En el año 2011 Fukushima, Japón, vivió hasta ahora el momento más devastador de su historia. Un terremoto de magnitud 9.0 generó un tsunami y a su vez ocurrió un accidente nuclear. Han pasado poco más de 10 años de la tragedia y hay zonas inhabitables debido a la radiación.Fayerwayer28 Junio 2021¿Quién era el Hombre Dragón y cuál es su importancia en el desarrollo de la humanidad?Entonces, al igual que los humanos, los animales que quedaron con vida se alejaron de las zonas peligrosas. Algunos eran especies salvajes, otras crías para la producción y también hubo de uso doméstico. Lo cierto es que dos especies similares, aprovechando las condiciones adversas, se comenzaron a aparear. Según lo reseña el portal del Daily Mirror, los cerdos (Sus scrofa domesticus) y los jabalíes (Sus scrofa leucomystax), se reprodujeron entre sí. Aunque son especies parecidas, y que vienen de la misma familia, en condiciones normales no se habrían apareado. Sin embargo, unos comenzaron a transitar libremente por la zona, debido a la falta de humanos. Mientras que los otros quedaron esparcidos sin dueños por la misma causa. Entonces, producto de este apareamiento nació una nueva especie de animales. Es importante resaltar que los científicos analizaron el ADN y otros componentes de la nueva especie, determinaron que la radiación por el accidente nuclear NO tiene nada que ver en el nacimiento del híbrido. El análisis de los científicos en FukushimaEl estudio de los híbridos entre jabalíes y cerdos fue realizado por científicos de la Universidad de Fukushima en Japón. El líder fue el investigador Donovan Anderson. El equipo circuló a través de lo que se conoce como la zona de exclusión terrestre del reactor nuclear de la antigua planta. Por estas locaciones tomaron muestras de mayor cantidad animales posibles. En concreto lograron colectar muestras de ADN de 243 ejemplares entre jabalíes, cerdos e híbridos de ambos. Y el resultado fue que el 16% de las muestras arrojaron que estaban en presencia de combinación de componentes de ambos mamíferos. “Mostramos evidencia de una hibridación exitosa entre cerdos y jabalíes nativos en esta área. Recomendamos que los estudios futuros evalúen la aptitud de estos híbridos y caractericen mejor su nicho ecológico”, dijeron los investigadores liderados por Anderson, en el informe del análisis. Jabalíes radioactivosEn las muestras que tomaron notaron que los jabalíes presentaban en sus componentes restos de la radiación de la zona. No obstante, esta característica no fue relacionada con el nacimiento del híbrido entre los animales mencionados. “El hecho de que los cerdos y los jabalíes se hayan cruzado no tiene nada que ver con la radiación”, dijo el investigador al Daily Mail. Y añadió: “Si bien el jabalí y los híbridos son técnicamente radiactivos, la radiación no tuvo nada que ver con los cambios genéticos, esto fue culpa de los cerdos”. En referencia al consumo humano, el científico sostuvo que “los jabalíes en Fukushima todavía están relativamente contaminados y pueden variar desde la ausencia de detección de radionúclidos hasta 30.000 bequerelios por kilogramo”. Dicha cantidad sería “muy insignificante”, si la carne de esta especie fuera cocinada y posteriormente ingerida por personas. Fayerwayer24 Junio 2021Este pequeño pájaro que vivió en la Tierra hace 120 millones de años tenía un cráneo como el de un T-Rex",Después del accidente nuclear de Fukishima los jabalíes se aparearon con los cerdos y nació una nueva especie,https://fayerwayer.com//2021/07/jabalies-cerdos-fukushima-accidente-nuclear/
"SIN SPOILERS: el episodio 3 de Loki mantiene un ritmo casi impecable. Aunque el impacto de esta serie para el MCU ahora luce algo incierto.Loki empezó de manera monumental, borrando el mapa la experiencia original con The Falcon and the Winter Soldier o hasta WandaVision. Todo gracias a que las posibilidades de su planteamiento lucían infinitas y parecían abrir la puerta a las máximas amenazas para la Fase 4 del MCU.Sin embargo, el segundo episodio repitió algunos movimientos familiares; que comenzaban a lucir potencialmente sospechosos para verse a su modo confirmados ahora con el tercer episodio.Fayerwayer09 Junio 2021Loki – Episodio 1: WandaVision era apenas el calentamiento [FW Opinión]SIN SPOILERS: vimos el primer episodio de Loki, la serie exclusiva de Disney Plus y hay BASTANTE para comentar.En donde sí, las series de Marvel en el MCU tienen una trama central con personajes e historias que terminan siendo canon. Pero los guiños e intrigas que plantean la semillas de decenas de teorías muchas veces terminan siendo más interesantes y entretenidas que la serie en sí.Y el tercer episodio, a su modo. Parece que viene a reafirmar esta situación.La fórmula especulativa se desgastaWandaVision igual que Loki parecen tener muchas en común. Por lo menos en lo que refiere a la estructura y ritmo de sus historias. En donde la historia del episodio es buena y funcional.Pero eleva siempre los riesgos, intrigas y emociones en los últimos minutos. Todo con la aparente intención de detonar teorías de interconexión, el anuncio velado de un villano del calibre de Thanos o peor, etc.SIN SPOILERS: el episodio 3 de Loki mantiene un ritmo casi impecable. Aunque el impacto de esta serie para el MCU ahora luce algo incierto.Sin embargo luego de superar la espera completa de una semana nos topamos con una trama que sí da continuidad a lo visto en el episodio anterior, efectivamente. Peo que a la par baja radicalmente las expectativas y potenciales implicaciones para volver a elevar todo en los últimos instantes del cliffhanger. Quien creíamos era Lady Loki se corrobora ahora como alguien con el nombre putativo de Sylvie. Hay una revelación casi obvia sobre el pasado de la orientación sexual de nuestro protagonista. Se abren teorías sobre las intenciones reales de la TVA. Y el escenario de un planeta al borde de la destrucción es el pretexto para el cierre intrigante.Fayerwayer20 Junio 2021Loki – Episodio 2: ¿hay un nuevo Thanos? [FW Opinión]SIN SPOILERS: El episodio 2 de Loki, The Variant, viene a plantear de manera sutil algunos potenciales conflictos que podrían insinuar al nuevo villano que releve a Thanos en el MCU.Pero fuera de ello se siente como el arribo a la mitad de esta temporada. En una situación donde las respuestas son pocas, la trascendencia de la historia es cada vez más difusa y no sabemos si el final será por lo menos emocionante.O tal vez simplemente las series del MCU sólo tenían un elenco espectacular. Pero su función real siempre fue generar expectativa y mantener viva la charla.",Loki – Episodio 3: bajen sus expectativas [FW Opinión],https://fayerwayer.com//2021/06/loki-episodio-3-review-fw-opinion/
"Netflix trae muchas nuevas producciones originales tanto en series, anime, películas y documentales, por lo que el siguiente mes tendremos mucho qué disfrutar y hay algo para todos los gustos. Así que vayamos a ver los estrenos de julio 2021 para este servicio de streaming de Netflix.Series que llegan a NetflixJÓVENES ALTEZAS (N original) – 1 de julioGUERRA DE VECINOS (N original) – 7 de julioATYPICAL, Temporada 4 (N original) – 9 de julioUN LUGAR PARA SOÑAR, Temporada 3 (N original) – 9 de julioMI VIDA HETERODOXA (N original) – 14 de julioYO NUNCA, Temporada 2 (N original) – 15 de julioVAN HELSING (N original) – 16 de julioSKY ROJO, Temporada 2 (N original) – 23 de julioHOW TO SELL DRUGS ONLINE (FAST), Temporada 3 (N original) – PróximamenteAMOS DEL UNIVERSO: REVELACIÓN (N original) – PróximamenteGENERACIÓN 56K (N original) – PróximamenteOUTER BANKS – TEMPORADA 2 (N original) – PróximamenteL.A.’S FINEST: POLICÍAS DE LOS ÁNGELES, Temporadas 1 y 2 – PróximamentePUNTO CIEGO, Temporada 5 – PróximamentePelículasLA CALLE DEL TERROR (PARTE 1): 1994 (N original) – 2 de julioLA CALLE DEL TERROR (PARTE 2): 1978 (N original) – 9 de julioCÓMO ME CONVERTÍ EN SUPERHÉROE (N original) – 9 de julioGUÍA PARA LA FAMILIA PERFECTA (N original) – 14 de julioLA CALLE DEL TERROR (PARTE 3): 1666 (N original) – 16 de julioFONDEADOS (N original) – 23 de julioLA ÚLTIMA CARTA DE AMOR (N original) – 23 de julioEL RESORT DEL AMOR (N original) – 29 de julioEL ÚLTIMO MERCENARIO (N original) – 30 de julioDocumentales y especialesATRACOS (N original) – 14 de julioRED PRIVADA: ¿QUIÉN MATÓ A MANUEL BUENDÍA? (N original) – 14 de julioGENTE DE GATOS (N original) – 7 de julioAMIGOS CANINOS, Temporada 2 (N original) – PróximamenteLAS PELÍCULAS QUE NOS FORMARON, Temporada 2 (N original) – PróximamenteEN POCAS PALABRAS, Temporada 3 (N original) – Próximamente¿POR QUÉ NO TE VAS?… CON TIM ROBINSON, Temporada 2 (N original) – PróximamenteNiños y familiaKUNG FU PANDA 3 – 1 de julioESTAMOS UNIDOS (N original) – 4 de julioCÓMO ENTRENAR A TU DRAGÓN 3 – 7 de julioRIDLEY JONES (N original) – 13 de julioPEPPA PIG, Temporada 6 – 15 de julioTROLLHUNTERS: EL DESPERTAR DE LOS TITANES (N original) – 21 de julioVIAJES POKÉMON: PARTE 1 – PróximamenteVIAJES POKÉMON: PARTE 2 – PróximamenteVIAJES POKÉMON: PARTE 3 – PróximamenteVIAJES POKÉMON: PARTE 4 – PróximamenteAnimeMOBILE SUIT GUNDAM HATHAWAY (N original) – 1 de julioRESIDENT EVIL: LA TINIEBLA INFINITA (N original) – 8 de julioBEASTARS (N original) – 15 de julioPALABRAS QUE BURBUJEAN COMO UN REFRESCO (N original) – PróximamenteTRANSFORMERS: LA GUERRA POR CYBERTRON – REINO (N original) – Próximamente",Netflix: estos son todos los estrenos para julio 2021,https://fayerwayer.com//2021/06/netflix-estrenos-julio-2021/
"De vez en cuando nos llegan kits de prensa, pero no siempre son así de espectaculares como el que acabamos de recibir por parte de Xbox, que celebra su colaboración con Space Jam: A New Legacy. Estos tres nuevos controles de Xbox Series X (pero que bien sabemos que son compatibles con la Series S, One, PC y más) tienen motivos de la próxima a estrenarse película de Warner Bros. Protagonizada por Lebron James y los Looney Toons, esta entrega plantea otra vez que el mundo se salve a través de un partido de basketball versus “seres de otro mundo”, y para ello le piden ayuda al mejor jugador del momento. Si en los 90’s fue Michael Jordan, ahora es el jugador de los Lakers lo más cercano que tenemos a una figura de su calibre. El pack, además de los controles viene con una tarjeta especial de colección que celebra a Gamepass, como también una completa figura de acción del deportista de elite anteriormente mencionado. Nuestra sorpresa fue mayúscula con este kit y ahora el entusiasmo por el estreno del filme ya está por todo lo alto. Lo otro que es importante recalcar es que el videojuego oficial de la película ya se lanzó en Gamepass, y ya puedes leer nuestras impresiones: Fayerwayer01 Julio 2021Space Jam: A New Legacy The Game Review [FW Labs]",Unboxing de los nuevos controles de Xbox edición especial de Space Jam: A New Legacy,https://fayerwayer.com//2021/07/uboxing-xbox-space-jam/
"Uno de los principales consejos y recomendaciones que establece el protocolo de la pandemia que generó el coronavirus, es evitar el contacto estrecho. Además, solo cuando sea estrictamente necesario, salir de casa. Y si se va a abandonar el confinamiento que sea siempre con el uso de la mascarilla y manteniendo la distancia. Todos estas sugerencias se hacen pensando en el contacto entre las personas, pero un reciente estudio de veterinarios incluye a las mascotas. Fayerwayer01 Julio 2021La Eurocopa, una bomba de tiempo para más casos de coronavirusSí, además de alejarte de tus familiares, amigos, compañeros de trabajo, parejas o vecinos, si tienes coronavirus evita también a tus mascotas. Las razones no son comunes y son explicadas en un estudio que realizaron investigadores de la Universidad de Utrecht, en los Países Bajos. En primer lugar, antes de explicar las razones, detallan que realizaron análisis en hogares de personas a las que se les hizo una prueba PCR, resultaron positivos y con síntomas. Obviamente en estas casas había presencia de una o más mascotas, por lo general perros o gatos. Realizaron un total de 310 hisopados a animales de 196 hogares en donde había al menos una persona positiva por coronavirus, reseñó Daily Mail. En consecuencia, el resultado no fue alarmante: seis gatos y siete perros dieron positivos a las PCR. Mientras que, alrededor de 54 registraron anticuerpos hacia el Sars-CoV-2 en sus cuerpos. Asimismo, encontraron una población muy leve de animales domésticos con síntomas de coronavirus. Y los que lo tuvieron, fueron muy leves y superados en un par de días. Entonces ¿Cuál es la alarma con las mascotas?Hay preocupación en la comunidad científica que realizó este estudio en el que los animales domésticos se puedan convertir en un futuro reservorio del virus, y de esta manera reinsertarlo en la población humana, una vez que se haya superado la pandemia. En palabras del Dr. Els Broens, autor del estudio: “la principal preocupación no es la salud de los animales (no tenían síntomas de covid-19 o eran leves), sino el riesgo potencial de que las mascotas pudieran actuar como reservorios del virus y reintroducirlo en la población humana”.“A pesar de la prevalencia bastante alta entre las mascotas de hogares con Covid-19 positivo en este estudio, parece poco probable que las mascotas jueguen un papel en la pandemia”, añadió Broens, según lo reseñó el portal mencionado.Por ahora celebran que según los análisis el virus no se está propagando entre los animales, una vez que se contagian. Hicieron segundas pruebas a los animales de los hogares estudiados y encontraron ese dato. Sin embargo, no se pueden confiar, debido a que, como todo en la ciencia, ningún escenario se puede descartar. De hecho Broens sostiene que “aunque no se ha demostrado que las mascotas transmitan el virus a las personas, no se puede descartar por completo la posibilidad”.",Por una extraña razón veterinarios instan a contagiados de coronavirus a evitar contacto con sus mascotas,https://fayerwayer.com//2021/07/contagiados-coronavirus-mascotas-covid-19/
"El iPhone 13 resulta un tanto familiar pero hay algunas modificaciones claras en la apariencia del nuevo smartphone de Apple para este 2021.Todos conocemos la historia de Apple con su línea de smartphones el año pasado. En donde los estragos de la pandemia obligaron a recorrer el calendario de lanzamiento de su buque insignia.Este 2022 la idea es que no se repita este escenario. Pero existe un riesgo latente de que haya complicaciones por la escasez de componentes a nivel global que vive la industria.Fayerwayer04 Junio 2021iPhone 13 daría gran salto con esta capacidad de almacenamientoSurge un reporte inquietante en donde se proyecta que el iPhone 13 por fin sería comercializado con 1 TB de capacidad de almacenamiento interno.Por tal motivo el iPhone 13 se ha mantenido como un dispositivo con altos niveles de intriga sobre su futuro, cosa que se ha refrendado con cada nuevo rumor que circula. Sin embargo parece que hoy perderá una fuerte capa de misterio gracias a una serie de fotografías aparentemente reales.iPhone 13 se deja ver en fotos verdaderasEstamos acostumbrados a que a estas alturas del año lo que veamos filtrado en la red sobre nuevos terminales Apple sean imágenes digitales o renders basados en archivos con diagramas técnicos.Sin embargo, alguien en Weibo acaba de romper un poco con ese orden en la narrativa con una serie de fotografías reales de lo que sería el diseño final del iPhone 13:El iPhone 13 resulta un tanto familiar pero hay algunas modificaciones claras en la apariencia del nuevo smartphone de Apple para este 2021.Como se puede observar, si ponemos atención a los detalles, se trataría en realidad de una serie de unidades dummy. Las cuales necesariamente habrían sido creadas a partir de archivos CAD confidenciales.De manera que el smartphone jamás va a encender, pero resulta perfecto para ver cuales son los pequeños grandes cambios que han implementado con esta nueva generación.Donde vemos un diseño que nos remite de nuevo al iPhone 12, pero con algunas alteraciones, como el notch frontal que ahora es mucho más reducido.Pero tal vez el punto más llamativo y en el que aquí nos enfocamos más en mostrar es el módulo de cámaras traseras. Donde tenemos un sensor verdaderamente voluminoso.Para esta nueva generación de smartphones la cámara trasera es básicamente una protuberancia que resalta sobre el cuerpo delgado del teléfono.El acomodo de los lentes más grandes sigue una lógica de distribución diagonal en el modelo base y reacomoda todo para la gama más alta.Fayerwayer25 Abril 2021iPhone 13 sin puertos y Touch ID bajo pantalla se muestra en videoSe libera un nuevo video conceptual supuestamente preciso en donde se muestra cómo luciría el nuevo iPhone 13. Y hay mucho de qué hablar.Esta filtración parece relativamente verosímil. Al menos para darnos una idea muy concreta, real y cercana sobre cómo lucirá el iPhone 13.",iPhone 13 se filtra en fotos que confirman nuevo diseño,https://fayerwayer.com//2021/06/iphone-13-filtrado-en-fotos-dummy/
"La aplicación de mensajería WhatsApp continúa trabajando en mejorar el funcionamiento de su plataforma. Esta vez, la app de Facebook trabaja en un cambio pequeño y tiene que ver nuevamente con los audios.Recientemente, la compañía escuchó las peticiones de los usuarios los cuales pedían una función que permitiera acelerar la reproducción de los audios. Esto con el propósito de mejorar la experiencia al momento de escuchar audios.Fayerwayer21 Enero 2021WhatsApp vs Telegram: ¿Qué app consume más datos?Pero ahora WhatsApp ha decidido darle un cambio al diseño de reproducción voices. Parece que la aplicación busca incorporar la interfaz con ondas que se utilizan en las en los reproductores de audios de Telegram e Instagram, según ha informado WaBetaInfo.Detalles de la actualización en el audio de WhatsAppSe trata de un cambio únicamente estético, ya que este no influirá en lo absoluto en los mensajes de voz. El usuario no podrá hacer ningún tipo de manipulación, pues se trata solo de un refrescamiento en el diseño lineal que siempre ha tenido WhatsApp en la barra de reproducción de audios.El aspecto de las ondas se puede apreciar mediante una captura de pantalla publicada por el citado medio especializado.Fayerwayer15 Agosto 2020Google Chrome: Así puedes ahorrar datos y navegar más rápido en tu dispositivo móvil [FW Guía]Todavía no se sabe cuándo llegará este cambio a la aplicación, ya que apenas se encuentra en su fase de prueba, por lo que habrá que esperar por el momento.Dependiendo de los resultados que obtenga WhatsApp en sus diversas pruebas, la función comenzará a actualizarse de manera progresiva como lo ha hecho siempre con todas las nuevas funciones que ha ido añadiendo en la app.Aunque no se trata de algo novedoso, aún así llama mucho la atención el nuevo cambio, ya que la compañía sigue demostrando su interés de seguir mejorando constantemente las funciones de su aplicación.",WhatsApp añadirá ondas a la reproducción de sus audios,https://fayerwayer.com//2021/07/whatsapp-actualizacion-de-audio/
"Wandavision llegó para brindarnos luz en medio del apagón de Marvel durante el 2020, producto de la pandemia que generó el coronavirus. Y aunque comparándola con el resto de las producciones que la siguieron quizás sea la menos entretenida, pero en su momento fue una respiración profunda después de estar mucho tiempo bajo el agua. Fayerwayer27 Junio 2021Loki – Episodio 3: bajen sus expectativas [FW Opinión]Sin embargo, más allá de los diferentes gustos, la serie de Scarlet Witch y Vision fue necesaria para contar varios detalles. Además, sirvió para desarrollar personajes y sentar bases para futuras producciones. Es por eso que hay que estar atento a cada detalle que se contó en esta producción exclusiva de la plataforma de Disney Plus. Entonces, como de costumbre en cada material de Marvel Studios, los detalles están en cada postcrédito. Y aunque hay varios durante los diferentes capítulos, el final siempre es el más misterioso, debido a que no hay nada más para ver hasta que llegue la relación en una hipotética segunda temporada, o quizás la película en la que dicen se va a desarrollar el personaje de Wanda Maximoff. De esta manera aparece un detalle oculto en esa última escena de Wandavision con el cual los fanáticos están enloquecidos. Nadie sabe que pensar. ¿Se tratará de un torpe error de producción? o en cambio ¿habrá una intencionalidad en este detalle misterioso? Conoce las teorías que publican diferentes usuarios de Reddit publicados en una reseña de CNet. Detalle oculto en WandavisionSobre el final de Wandavision, todos recordamos a Scarlet Witch alejada de la civilización por completo. La hermana de Pietro se fue a una cabaña rodeada de pinos y otros árboles, en la orilla de un lago, a estudiar el Darkhold, conocido también cómo el Libro de los Pecados. Sin embargo, el secreto no parece estar dentro de la cabaña en la que vemos a la Bruja Escarlata, sino en las afueras cuando la toma nos muestra el hermoso paisaje y nos va llevando hacia dicha locación. Sobre los árboles se aprecia una sombra y todos los que coinciden en que se trata de algo intencional, aseguran que es Doctor Strange. Recuerden que el maestro de las artes místicas estaba convocado a aparecer en la serie para hacer una presentación previa al desarrollo de su película, que se estrenará el primer trimestre del 2022, Doctor Strange: Multiverse of Madness. No obstante, cambios del tren ejecutivo de Marvel Studios hicieron que no fuera de esta manera. En concreto, según reseña el portal citado, en su momento Kevin Feige habría quitado al hechicero supremo de la película debido a que “le habría quitado (protagonismo) a Wanda. No queríamos que el final del programa se convirtiera en un producto básico para ir a la próxima película”, dijo.Doctor Strange en forma astralEn la modificación de la última escena postcrédito, no aparece como tal Doctor Strange. Lo que se aprecia, según la presunción de varios usuarios de Reddit, es el mismo personaje, pero en su forma astral. Pero para que cada quien arme sus propias conclusiones dejamos a continuación dos posteos de Twitter. En uno aparece el video modificado y en el otro una foto señalando hacia donde deben mirar.It looks clearer in motion pic.twitter.com/MZFJmCfdnp— Lunwi (@Lunwi88) June 27, 2021 También hay que reseñar la opinión de los que no se creen esta modificación. Estos últimos aseguran que se trata de un torpe error de la producción de la serie y es la sombra del helicóptero grabando la escena. Fayerwayer21 Junio 2021La impresionante técnica de clonar el cuerpo con la que Granola venció a Goku",Marvel Studios modifica último postcrédito de Wandavision y hace enloquecer a los fanáticos: ¿De quién es esa sombra?,https://fayerwayer.com//2021/06/wandavision-doctor-strange-marvel-post-credito/
"Se acerca el viaje de Jeff Bezos al espacio, con su nave New Shepard, y esta semana se conoció que una de las tripulantes es una aviadora de 82 años.La historia de Mary Wallace “Wally” Funk es de película. En su juventud formó parte del programa Mercury 13, que entrenó a mujeres para vuelos espaciales. Sin embargo, ninguna del grupo lo pudo lograr, por decisión de la NASA.Funk continuó su carrera como aviadora, acumulando más de 19.600 horas de vuelo y entrenando a más de tres mil personas. Pero el sueño de ir al espacio no lo pudo lograr.Hasta ahora.Bezos la seleccionó como una de las tripulantes del viaje preparado por su compañía, Blue Origin, en la nave New Shepard, el 20 de julio.         View this post on Instagram            A post shared by Jeff Bezos (@jeffbezos)“Nadie ha esperado más que ella”, escribió Bezos en Instagram. “Llegó la hora. Bienvenida a la tripulación, Wally”.Funk se convertirá en la persona de mayor edad en volar al espacio. El récord lo tiene el mítico John Glenn, que voló en STS-95 a los 77 años.El viaje de Jeff Bezos a los límites del espacioHasta ahora no se ha revelado quién es el ganador de la subasta por un asiento en la nave, por la que se pagó 28 millones de dólares. Junto con Bezos, su hermano Mark y Wally, viajarán hasta la línea Kármán, la denominada frontera espacial.La tripulación experimentará la microgravedad por unos minutos, además de ver la curva de la Tierra en el horizonte contra la oscuridad del espacio.New Shepard es el nombre de la nave de Blue Origin, y se llama así en honor al astronauta Alan Shepard, el primer norteamericano en realizar un vuelo suborbital. Ocurrió el 5 de mayo de 1961, con el programa Mercury.La meta de Blue Origin es vender boletos al público en general, para viajes breves a más de 100 kilómetros sobre la Tierra.Días antes, Branson también viajará… pero menos que BezosBezos no será el único multimillonario que viajará este mes al espacio. Antes que él lo hará Richard Branson, el 11 de julio, nueve días antes de lo pautado por Blue Origin.El CEO de la empresa de Bezos, Bob Smith, minimizó el viaje de Branson con Virgin Galactic. Lo hizo en una entrevista con el New York Times.“Le deseamos un vuelo grande y seguro, pero no están volando por encima de la línea Kármán y es una experiencia muy diferente”, apuntó Smith.Virgin Galactic no ha dado a conocer cuál será la altitud esperada con el vuelo del 11 de julio. No obstante, la prueba más reciente del SpaceShipTwo alcanzó los 88 kilómetros.",Jeff Bezos le cumplirá el sueño a una aviadora de 82 años: viajar al espacio,https://fayerwayer.com//2021/07/jeff-bezos-espacio-wally-funk-new-shepard-blue-origin/
"No somos ajenos al trabajo que ha hecho AfterShokz en el mundo de los audífonos con conducción ósea, y en un mundo donde las telellamadas están a la orden del día y consumen gran parte de nuestros tiempo, tener una opción tan increíblemente cómoda como los OpenComm es una bendición. Si antes habíamos disfrutado sus primeras apuestas y a posterior probado unos que fueran “a prueba de todo”, ahora hace todo el sentido tener algo pensado bajo esa misma filosofía pero para el teletrabajo. Así funcionan los OpenComm En vez de tener un auricular metido en el canal auditivo, aquí tienes dos pequeños “pads” pegados a la parte alta de la mandíbula, lo que transfiere las ondas sonoras por tu cráneo, pudiendo escuchar fuerte y claro, pero teniendo libres tus oídos para estar atento a tu alrededor. Botón de pausa y reproducción adelante, botones de volumen atrás.Esto, en contexto de una telellamada, es particularmente útil si necesitas escuchar el timbre, el teléfono, tu bebé, una mascota, o lo que sea tu necesidad. Lo anterior es uno de los valores agregados más marcados, pero para mí lo más importante ha sido no sufrir la fatiga de llevar audífonos por largos períodos de tiempo, ya sean over ear o in ear, que a la larga siempre cansan. Los Opencomm son muy ligeros y cuando los tienes alrededor de tu cabeza casi ni se sienten. He podido estar horas y horas sin ese dolor que terminaba sintiendo. Otra cosa que sorprende y que no me esperaba es la calidad de audio del micrófono. Su capacidad de bloquear ruido ajeno a tu voz es fantástica, aunque a veces un poco agresiva. Por un lado si pasan la aspiradora cerca, del otro casi no la escuchan, pero por otro lado si no está bien posicionado, si no hablas claro puede “mutearte”. De que es bueno, es bueno. Quizás demasiado. Hay algo que por la naturaleza de la tecnología de los audífonos AfterShokz no han podido mejorar tanto, la calidad de sonido. A pesar de que se puede escuchar música perfectamente, no es una experiencia tan rica como con unos audífonos comunes. Aún así, para llamadas son perfectos y los OpenComm están pensados para eso. Vienen con un elegante case de regalo.Su conectividad Bluetooth es muy estable, lo que se agradece, con una autonomía que te puede durar fácil unos 5 días de trabajo, aunque depende de cuánto rato los lleves puesto fuera de las telellamadas, y sí, te puedes olvidar que los traes, suele suceder. Me hubiera gustado que el cargador fuera USB-C en vez de uno propietario con imanes, pero puedo vivir con ello. Si ponemos en una balanza lo positivo y lo no tan bueno, el balance final entrega un producto muy innovador y bien pensado, que será un regalo caído del cielo para los que pasan su tiempo en reuniones virtuales. En Chile, la tienda Blustore los distribuye de manera oficial y cuestan CLP $139.990 en oferta. También están disponibles en las principales tiendas del retail. ","Review de los audífonos AfterShokz OpenComm: conducción ósea, liviandad y comodidad",https://fayerwayer.com//2021/07/review-aftershokz-opencomm/
"Luego de un par de años tormentosos en Estados Unidos, entre las protestas sociales, las elecciones y el coronavirus, Facebook sigue implementando medidas de protección. La red social ahora busca prevenir el extremismo, gracias a nuevas advertencias.La plataforma notifica a los usuarios sobre el contenido extremista. Incluso, avisa a las otras personas sobre las posiciones radicales de sus amigos.Existen varias alertas clave:¿Estás consciente de que alguien a quien conoces se está convirtiendo en un extremista?Puedes haber estado expuesto a contenido extremista recientemente.Grupos violentos tratan de manipular tu ira y decepción. Puedes tomar medidas ahora para protegerte a ti mismo y a los demás.Las indicaciones redirigen al usuario a una página de soporte técnico.Por los momentos, se encuentran en período de prueba. Pero por ya hay un norte al que seguir, y todo parece ser cuestión de tiempo para su aplicación.El interés de Facebook para restringir el discurso del extremismoAndy Stone, portavoz de Facebook, conversó con la CNN al respecto.“Esta prueba es parte de nuestro trabajo más amplio para evaluar formas de proporcionar recursos y apoyo a las personas en Facebook que pueden haber participado o estado expuestas a contenido extremista, o pueden conocer a alguien que está en riesgo”, señaló Stone. El portavoz apunta que la compañía ofrece a los usuarios a una variedad de recursos, incluido Life After Hate. Este es un grupo de defensa que ayuda a las personas a abandonar los movimientos violentos de extrema derecha.No se habla acerca de otras tendencias del espectro político. Tampoco se explica cómo trabaja el algoritmo para decidir cuál material es extremista y cuál no.Recientemente, Facebook estuvo en la mira por no tomar suficientes medidas para restringir el contenido extremista en su plataforma. Entre las críticas, CNN recuerda que en 2020 la red de Mark Zuckerberg no cerró la página de un grupo de milicianos que instaba a los ciudadanos armados a tomar las calles de Kenosha, Wisconsin.Durante los hechos del 6 de enero de 2021, cuando partidarios de Donald Trump atacaron el Capitolio para evitar la certificación de Joe Biden como nuevo presidente, se analizó el papel de Facebook como modo de cohesión de los violentos.Facebook, posteriormente, sancionó al entonces presidente Trump por el impulso que dio a los atacantes.Aumenta el discurso de odio en las redes sociales“Esta prueba es parte de nuestro trabajo más amplio para evaluar formas de proporcionar recursos y apoyo a las personas en Facebook que pueden haber participado o estado expuestas a contenido extremista, o pueden conocer a alguien que está en riesgo”, señaló la empresa en un comunicado, citado por CNET.En febrero, la plataforma informó que tuvo que eliminar una mayor cantidad de contenido de odio en el cuarto trimestre de 2020. Sancionó a 26.9 millones de piezas de contenido de odio, en comparación con 22.1 millones en el tercer trimestre de ese año.“Nos estamos asociando con organismos no gubernamentales y expertos académicos en este espacio y esperamos tener más para compartir en el futuro”.",Facebook previene el extremismo con nuevas advertencias,https://fayerwayer.com//2021/07/facebook-etiquetas-extremismo-prevencion-alerta/
"Quizá nunca habían escuchado o leído sobre esta enfermedad: si es así, muy probablemente es porque tienen la fortuna de no conocer a nadie que la padece.Y digo la fortuna, porque esta condición neuromuscular degenerativa, de causas genéticas, a la fecha no tiene un tratamiento o cura.Al ser una enfermedad rara, la distrofia muscular de Duchenne no tiene una alta prevalencia entre la población.Sin embargo, que tengamos noticias todos los días sobre ella no quiere decir que no exista, ni que las personas que la sufren sean invisibles.Distrofina y DuchenneLa distrofia muscular agrupa a varias enfermedades que causan debilidad en los músculos, condición que va avanzando con el tiempo.Aunque afectan de diferentes formas a los músculos, se trata de enfermedades hereditarias que tienen que ver con la mutación en algún gen que causa que no se produzca alguna proteína indispensable para el desarrollo y funcionamiento correcto del tejido muscular.En general pensamos en nuestros genes como la información que nos hace ser quiénes somos: nuestra estatura, color de cabello y ojos.Y aunque eso es cierto, todas esas características visibles o no, vienen de que nuestros genes tienen las instrucciones para hacer ciertas proteínas.Las personas con Duchenne tienen instrucciones defectuosas o faltantes para sintetizar la proteína distrofina.Esta proteína está presente en las células musculares, y junto con otras moléculas de su tipo, participa en la función de dar soporte y movilidad a nuestros músculos.Cuando nuestro cuerpo no produce distrofina, nuestros músculos se debilitan poco a poco, y como esto ocurre progresivamente, y puede afectar los músculos del corazón y de los pulmones, la esperanza de vida de quienes la padecen es de menos de 30 años.Cromosoma XEl gen que contiene las instrucciones para producir la distrofina, está localizado en el cromosoma X, uno de los que determina nuestro sexo biológico.Esto resulta en que la distrofia muscular de Duchenne es mucho más común en hombres, que solo tienen un cromosoma sexual, que en las mujeres, con dos cromosomas X.Si tenemos dos cromosomas X y uno tiene las instrucciones defectuosas para la distrofina, el otro lo compensa, pero cuando tienes solo un cromosoma X no hay tal compensación.Así, de cada 3500 nacimientos en el mundo, habrá un caso de Duchenne, que muy probablemente ocurrirá en un varón.Sin embargo, a menos que se hagan pruebas genéticas antes del nacimiento, esta distrofia muscular solo se diagnostica mucho después del nacimiento: los primeros signos de debilidad muscular aparecen alrededor de los 2-3 años.Esperanzas de tratamientosEl neurólogo francés Guillaume Benjamin Amand Duchenne, fue el primero en describir esta condición neuromuscular en 1861, de ahí el nombre de esta condición.Duchenne logró identificar correctamente que varias distrofias se debían a defectos en los músculos y no en el cerebro. Pero en realidad tuvo que pasar más tiempo para que se conocieran las causas de la distrofia que lleva su nombre.Casi un siglo después, fue cuando se comenzó a considerar que esta era una condición genética y hereditaria.Fue hasta la década de 1980 cuando se localizó el gen específico en el cromosoma X que causa la deficiencia de producción de distrofina.Conocer esto fue sin duda fue un gran avance, aunque como prácticamente todas las enfermedades genéticas, por ahora no tenemos una cura.Pero, el desarrollo de técnicas de edición genética como CRISP-Cas9 empiezan a dar esperanza para encontrar una cura.Mientras tanto es muy importante no olvidar que existen niños y jóvenes que viven entre nosotros con esta condición-Existen asociaciones, como la Fundación ADN Chile, que buscan darles apoyo a ellos y sus familias para que puedan tener la mejor calidad de vida posible e incluso fomentar la investigación científica que pueda encontrar una cura.",Ciencia: ¿por qué la distrofia muscular de Duchenne solo afecta a niños y jóvenes?,https://fayerwayer.com//2021/07/ciencia-por-que-la-distrofia-muscular-de-duchenne-solo-afecta-a-ninos-y-jovenes/
"Revive el rumor de que Samsung prepara un acuerdo con la gente de Olympus. Todo gracias a este render del Galaxy S22 con una cámara bestial.Recibimos el mes de abril de este 2021 con el explosivo rumor de que Samsung podría estar preparando una alianza con la gente de Olympus para lanzar el Galaxy S22 Ultra con un sensor de esa firma fotográfica.La noticia resultó tan inesperada como inquietante. Ya que en el terreno de la fotografía Leica y Huawei mantenían un liderato indiscutible en términos de alianzas para lograr la mejor calidad fotográfica.Fayerwayer14 Abril 2021Samsung Galaxy S22 Ultra tendría una cámara Olympus de 200 MPSe filtra una bomba: el Samsung Galaxy S22 Ultra tendría un sensor principal Olympus de 200 MP. El iPhone de ese año tendría 48 MP en su cámara.Sin embargo el fabricante chino se ha enfrentado a demasiadas complicaciones por el bloqueo comercial aún mantenido dentro de la administración de Joe Biden. De modo que el trono está cada vez más disponible.Este render visualiza el futuro de Samsung Los locos de LETS GO DIGITAL acaban de publicar una serie de renders ultra detallados en donde muestran cómo luciría el Galaxy S22 Ultra con una cámara trasera desarrollada en conjunto con Olympus.Y debemos decir que los resultados son más que atractivos, bajo esta perspectiva el sitio presenta los renders:Samsung parece tener grandes planes para la cámara esta vez. Hace tiempo que circulan historias de que el fabricante surcoreano ha iniciado una colaboración con la empresa japonesa Olympus.La propia publicación describe el contexto que acompaña a la publicación de las imágenes. Donde se revelan los motivos reales detrás del desarrollo de este smartphone: la inexistencia del Galaxy Note 21.Se supone que Samsung integraría de lleno la S Pen para la familia S22 y con el modelo Ultra buscarían cubrir un poco el hueco dejado. Ya que serían un modelo con pantalla de amplias dimensiones, y encima con un sensor Olympus.Prácticamente todas las filtraciones hasta ahora apuntan a que el Galaxy S22 tendría un procesador Exynos 2100 en sus entrañas. Lo que abre por completo la posibilidad a que el sensor principal de la cámara sea de hasta 200 MP.Aunque resulta obvio que será necesario esperar más para comprobar la veracidad de este rumor. Y será necesario tener paciencia ya que tomará meses antes de que se filtre algo más consistente.",Samsung Galaxy S22 se muestra con cámara Olympus en brutal render,https://fayerwayer.com//2021/06/samsung-galaxy-s22-olympus-render/
